Institution,Location,Entry,Code
El Roble,CA/US,Bailey Wong,El Roble BW
Harvard-Westlake,CA/US,Annabel Lin,Harvard-Westlake AL
Harvard-Westlake,CA/US,Ayla Rahmani,Harvard-Westlake AR
Harvard-Westlake,CA/US,Emmanuel Canseco,Harvard-Westlake EC
Harvard-Westlake,CA/US,Hattie Pfanschmidt,Harvard-Westlake HP
Harvard-Westlake,CA/US,Sydney Lee,Harvard-Westlake SL
Marlborough,CA/US,Anabelle Swidler,Marlborough AS
Marlborough,CA/US,Elodie Lassere,Marlborough EL
Marlborough,CA/US,Freddie Stoller,Marlborough FS
Marlborough,CA/US,Joey Snyder,Marlborough JS
Marlborough,CA/US,Mila Lanin,Marlborough ML
Marlborough,CA/US,Poppy Fox,Marlborough PF
Marlborough,CA/US,Shani Shllaku,Marlborough SS
Marlborough,CA/US,Sara Tateshima,Marlborough ST
Marlborough,CA/US,Sonya Tyrrell,Marlborough STy
Marlborough,CA/US,Zoe Stullich,Marlborough ZS
ModernBrain,CA/US,Agnes Huang,ModernBrain AH
ModernBrain,CA/US,Anne Wong,ModernBrain AW
ModernBrain,CA/US,frances xiao,ModernBrain FX
ModernBrain,CA/US,Grace Chen,ModernBrain GC
ModernBrain,CA/US,Jennifer Wang,ModernBrain JW
ModernBrain,CA/US,Ryan Xia,ModernBrain RX
Nova 42,CA/US,Arjun Sundaravadivelan,Nova 42 AS
Nova 42,CA/US,Dorothy Wambsgans,Nova 42 DW
Nova 42,CA/US,Evelyn Yoo,Nova 42 EY
Peninsula,CA/US,Daniel Jo,Peninsula DJ
Peninsula,CA/US,Eva Christen,Peninsula EC
Peninsula,CA/US,Eytan Ek,Peninsula EE
Peninsula,CA/US,Gloria He,Peninsula GH
Peninsula,CA/US,Isaura Aguilar Valladares,Peninsula IA
Peninsula,CA/US,Jack Erikson,Peninsula JE
Peninsula,CA/US,Jiayu Tang,Peninsula JT
Peninsula,CA/US,Stella Pellier,Peninsula SP
Portola,CA/US,Nesara Shetty,Portola NS
