Aff,Neg,Win,Aff Points,Neg Points
Harvard-Westlake KM,Greenhill OG,3-0 AFF,,
Flintridge Prep CX,Greenhill EX,3-0 NEG,,
Little Rock Central GT,Strake Jesuit MZ,3-0 AFF,,
Gunn SP,Harvard-Westlake AS,3-0 NEG,,
Isidore Newman DC,Strake Jesuit KS,3-0 AFF,,
BASIS Silicon Valley VP,Memorial AW,2-1 NEG,,
Harker NB,Southlake Carroll IM,3-0 AFF,,
St Thomas CO,Mountain View AW,2-1 AFF,,
Horace Greeley CC,Harker SD,3-0 NEG,,
BASIS Silicon Valley JK,Harker LC,3-0 NEG,,
Brophy VW,Marlborough LS,3-0 NEG,,
Harker SS,Plano West ZM,3-0 AFF,,
Plano West SG,Harrison SE,3-0 AFF,,
Brearley IL,Harrison FW,3-0 NEG,,
Lynbrook AS,Clear Lake RZ,2-1 NEG,,
Harker RG,Memorial EJ,2-1 NEG,,
